{"storymap": {"call_to_action": true, "call_to_action_text": "", "map_as_image": false, "map_type": "osm:standard", "slides": [{"date": "", "location": {"line": true}, "media": {"caption": "", "credit": "", "url": ""}, "text": {"headline": "", "text": ""}, "type": "overview"}, {"date": "", "location": {"icon": "//uploads.knightlab.com/storymapjs/f8259ab92c5f80b45c5fe59aff5b9243/i-siti-romani-nel-mondo/_images/Colosseo.jpg", "iconSize": [48, 24], "lat": 41.890597, "line": true, "lon": 12.492115, "use_custom_marker": true, "zoom": 12}, "media": {"caption": "", "credit": "", "url": "//uploads.knightlab.com/storymapjs/f8259ab92c5f80b45c5fe59aff5b9243/i-siti-romani-nel-mondo/_images/colosseo 2.jpg"}, "text": {"headline": "colosseo (Roma, Italia)", "text": "<strong></strong><div><div><div><div></div></div></div></div><div><div><div><div><div><div><p>Il <strong>Colosseo</strong>, conosciuto anche come <strong>Anfiteatro Flavio</strong>, \u00e8 uno dei monumenti pi\u00f9 iconici di Roma e uno dei simboli pi\u00f9 rappresentativi dell'antica civilt\u00e0 romana. Situato nel cuore della citt\u00e0, fu costruito tra l'80 d.C. e l'81 d.C. sotto gli imperatori <strong>Vespasiano</strong> e <strong>Tito</strong>, sebbene l'opera fu completata dal figlio dell'imperatore, <strong>Domiziano</strong>. Il Colosseo poteva ospitare fino a 50.000 spettatori, che assistevano a spettacolari combattimenti tra gladiatori, simulazioni di battaglie navali, esecuzioni pubbliche, battute di caccia e altri eventi di intrattenimento.</p><p>L'anfiteatro \u00e8 una meraviglia dell'ingegneria romana, con una struttura ad arco in calcestruzzo e pietra, che ha resistito per secoli. Il suo nome deriva dalla vicinanza a una gigantesca statua di Nerone (il <strong>colosso di Nerone</strong>), che un tempo si trovava all'ingresso.</p><p>Oggi il Colosseo \u00e8 uno dei siti turistici pi\u00f9 visitati al mondo e un patrimonio dell'umanit\u00e0 dell'UNESCO, nonch\u00e9 un importante simbolo di Roma e della sua storia millenaria.</p><p><a href=\"https://it.wikipedia.org/wiki/Colosseo\" target=\"_blank\" rel=\"nofollow\" title=\"Link: https://it.wikipedia.org/wiki/Colosseo\">https://it.wikipedia.org/wiki/Colosseo</a> </p></div></div></div></div></div></div>"}}, {"date": "", "location": {"icon": "//uploads.knightlab.com/storymapjs/f8259ab92c5f80b45c5fe59aff5b9243/i-siti-romani-nel-mondo/_images/pompei.jpg", "iconSize": [48, 31.624413145539908], "lat": 40.749256, "line": true, "lon": 14.493669, "use_custom_marker": true, "zoom": 10}, "media": {"caption": "", "credit": "", "url": "//uploads.knightlab.com/storymapjs/f8259ab92c5f80b45c5fe59aff5b9243/i-siti-romani-nel-mondo/_images/pompei 3.jpg"}, "text": {"headline": "pompei (campania,italia)", "text": "<strong>Pompei</strong> \u00e8 un'antica citt\u00e0 romana situata vicino a <strong>Napoli</strong>, famosa per essere stata sepolta da una devastante eruzione del <strong>Vesuvio</strong> nel 79 d.C. La citt\u00e0, un tempo prospera e vivace, fu ricoperta da cenere e lapilli, rimanendo intatta per secoli. Gli scavi archeologici hanno rivelato case, templi, piazze e affreschi che offrono uno straordinario spaccato della vita quotidiana nell'antica Roma. I corpi delle vittime, colte nel momento dell'eruzione, sono stati preservati grazie alla solidificazione delle ceneri, creando calchi che permettono di immaginare la tragedia. Oggi, Pompei \u00e8 uno dei siti archeologici pi\u00f9 visitati al mondo e una testimonianza unica della storia romana.<br><br><a href=\"https://it.wikipedia.org/wiki/Pompei_(citt%C3%A0_antica)\" target=\"_blank\" rel=\"nofollow\" title=\"Link: https://it.wikipedia.org/wiki/Pompei_(citt%C3%A0_antica)\">https://it.wikipedia.org/wiki/Pompei_(citt%C3%A0_antica)</a><br><br><br><br>"}}, {"date": "", "location": {"icon": "//uploads.knightlab.com/storymapjs/f8259ab92c5f80b45c5fe59aff5b9243/i-siti-romani-nel-mondo/_images/arena 3.jpg", "iconSize": [48, 31.94181818181818], "lat": 45.439044, "line": true, "lon": 10.994018, "use_custom_marker": true, "zoom": 10}, "media": {"caption": "", "credit": "", "url": "//uploads.knightlab.com/storymapjs/f8259ab92c5f80b45c5fe59aff5b9243/i-siti-romani-nel-mondo/_images/arena 2.jpg"}, "text": {"headline": "arena di verona (verona,italia)", "text": "<b>L'Arena di Verona</b> \u00e8 uno dei monumenti pi\u00f9 emblematici e affascinanti d'Italia. Situata nel cuore della citt\u00e0, questa imponente arena romana, costruita nel I secolo d.C. con mattoni di calcare rosso&nbsp; ammonitico, \u00e8 famosa per la sua straordinaria conservazione e per essere uno dei pi\u00f9 grandi anfiteatri del mondo antico. Con una capacit\u00e0 di circa 20.000 spettatori, l'Arena \u00e8 soprattutto celebre per ospitare il Festival lirico di Verona, un evento internazionale che ogni estate attira migliaia di appassionati di musica e opera. Oltre alla sua funzione culturale, l'Arena \u00e8 anche un simbolo di storia e di arte, testimoniando l'ingegneria romana e l'evoluzione della citt\u00e0 nei secoli. Ogni anno, visitatori da tutto il mondo vengono ad ammirarla, incantati dalla sua maestosit\u00e0 e dalla sua atmosfera unica.<br><br><a href=\"https://it.wikipedia.org/wiki/Arena_di_Verona\" target=\"_blank\" rel=\"nofollow\" title=\"Link: https://it.wikipedia.org/wiki/Arena_di_Verona\">https://it.wikipedia.org/wiki/Arena_di_Verona</a>&nbsp;"}}, {"date": "", "location": {"icon": "//uploads.knightlab.com/storymapjs/f8259ab92c5f80b45c5fe59aff5b9243/i-siti-romani-nel-mondo/_images/arco di augusto.jpg", "iconSize": [48, 31.9875], "lat": 44.056907, "line": true, "lon": 12.571146, "use_custom_marker": true, "zoom": 10}, "media": {"caption": "", "credit": "", "url": "https://www.rivieraromagnola.net/wp-content/uploads/2018/03/arco-di-augusto-tramonto-rimini.jpg"}, "text": {"headline": "arco di augusto (rimini,italia)", "text": "<p><strong>L\u2019 Arco</strong>, il pi\u00f9 antico conservato nell'Italia settentrionale. segna l'ingresso alla Citt\u00e0, per chi proviene dalla Flaminia, la via tracciata dal console Flaminio nel 220 a.C. per collegare Roma a<b> Rimini</b>.</p><p>Eretto nel 27 a.C. come porta onoraria, esprime la volont\u00e0 del Senato di celebrare la figura di Ottaviano Augusto, cos\u00ec come manifestato dall'iscrizione posta sopra l'arcata. Il monumento si inseriva nella&nbsp;cinta muraria&nbsp;pi\u00f9 antica, della quale&nbsp;ai suoi lati&nbsp;sono visibili i resti, in blocchi di pietra locale. Oggi si presenta isolato&nbsp;in seguito all'intervento di demolizione dei corpi adiacenti, eseguito negli anni '30.</p><p>La costruzione originaria inglobata in due torri poligonali di cui rimangono poche tracce, era sormontata da un attico che doveva completarsi con una statua dell'imperatore a cavallo o su di una quadriga.&nbsp;La sommit\u00e0&nbsp;forse crollata per i terremoti, nel Medioevo venne orlata da una merlatura. L'architettura \u00e8 esaltata da un ricco apparato decorativo carico di significati politici e propagandistici: un'apertura talmente ampia da non poter essere chiusa da porte&nbsp;ricordava la pace raggiunta dopo un lungo periodo di guerre civili; le divinit\u00e0 rappresentate nei tondi (Giove e Apollo nel lato esterno, Nettuno e Roma verso la citt\u00e0) richiamavano la grandezza di Roma e la potenza di Augusto. L'intera struttura \u00e8 permeata da un forte carattere religioso che sottolinea l'aspetto sacrale di porta della citt\u00e0.</p><p>L'arco&nbsp;e il ponte cosiddetto di Tiberio, realizzati nell'ambito di un pi\u00f9 generale programma urbanistico promosso da Augusto, sono sempre stati assunti come simboli della Citt\u00e0 fin dal Medioevo.</p><br><a href=\"https://it.wikipedia.org/wiki/Arco_di_Augusto_(Rimini)\" target=\"\" rel=\"\">https://it.wikipedia.org/wiki/Arco_di_Augusto_(Rimini)</a>"}}, {"date": "", "location": {"icon": "//uploads.knightlab.com/storymapjs/f8259ab92c5f80b45c5fe59aff5b9243/i-siti-romani-nel-mondo/_images/acquedotto di segovia.jpg", "iconSize": [48, 32], "lat": 40.949067, "line": true, "lon": -4.117233, "use_custom_marker": true, "zoom": 10}, "media": {"caption": "", "credit": "", "url": "https://www.spain.info/export/sites/segtur/.content/imagenes/reportajes/castilla-leon/acueducto-segovia-s226137160.jpg"}, "text": {"headline": "acquedotto di segovia (spagna)", "text": "<span>L'acquedotto di Segovia \u00e8 uno dei pi\u00f9 importanti monumenti romani della penisola iberica. Si presume sia stato costruito tra la met\u00e0 del I secolo d.C. e i primi anni del II secolo. Esso \u00e8 costruito in blocchi di granito assemblati a secco, quindi senza alcun tipo di collante. Nella parte principale (quella che attraversa la citt\u00e0) la struttura \u00e8 formata da 167 archi suddivisi in due ordini sovrapposti. Nel suo punto pi\u00f9 alto l'opera raggiunge all'incirca i 28,5 m. L'acquedotto in origine serviva a portare l'acqua proveniente dalla localit\u00e0 della Fuenfr\u00eca, una zona con tantissime sorgenti, nella citt\u00e0 di Segovia, e il suo percorso fino all'arrivo in citt\u00e0 \u00e8 lungo circa 15 km. Ad oggi l'acquedotto \u00e8 in ottimo stato di conservazione ed \u00e8 anche presente nello stemma della stessa citt\u00e0 di Segovia.</span>"}}, {"date": "", "location": {"icon": "//uploads.knightlab.com/storymapjs/f8259ab92c5f80b45c5fe59aff5b9243/i-siti-romani-nel-mondo/_images/italica spagna.jpeg", "iconSize": [48, 21.492537313432837], "lat": 37.444058, "line": true, "lon": -6.045495, "use_custom_marker": true, "zoom": 10}, "media": {"caption": "", "credit": "", "url": "https://upload.wikimedia.org/wikipedia/commons/3/33/Anfiteatro_de_las_ruinas_romanas_de_It%C3%A1lica%2C_Santiponce%2C_Sevilla%2C_Espa%C3%B1a%2C_2015-12-06%2C_DD_34-45_PAN_HDR.JPG"}, "text": {"headline": "italica (Spagna)", "text": "<span>L'antica citt\u00e0 di Italica venne fondata da Publio Cornelio Scipione Africano nel 206 a.C. pi\u00f9 o meno in corrispondenza dell'odierna Santiponce, nei pressi di Siviglia. Essa fu chiamata cos\u00ec perch\u00e8 in origine doveva ospitare alcuni soldati italici in seguito alla battaglia di Ilipa, durante la Seconda guerra punica. Questa citt\u00e0 \u00e8 importante anche perch\u00e8 diede i natali a due imperatori: Traiano e Adriano. Altro fatto degno di nota \u00e8 che, nei secoli successivi alla caduta dell'Impero Romano d'Occidente, dalle rovine di Italica vennero recuperati numerosi materiali per la costruzione della vicina Siviglia. Oggi nel sito archeologico di Italica \u00e8 possibile ammirare un anfiteatro con una capienza di circa 25000 persone, le terme e numerosi mosaici&nbsp; e sculture. Altro edificio degno di nota \u00e8 il Traianeum, un immenso recinto adibito al culto dei due imperatori sopra citati. Si ipotizza che sia stato lo stesso Adriano a volere la sua costruzione, in omaggio a Traiano suo predecessore.</span>"}}, {"date": "", "location": {"icon": "//uploads.knightlab.com/storymapjs/f8259ab92c5f80b45c5fe59aff5b9243/i-siti-romani-nel-mondo/_images/arena di pola.webp", "iconSize": [48, 22.023529411764706], "lat": 44.86975, "line": true, "lon": 13.848199, "use_custom_marker": true, "zoom": 10}, "media": {"caption": "", "credit": "", "url": "https://magazine.snav.it/wp-content/uploads/2011/08/Anfiteatro-Romano-di-Pola.jpg"}, "text": {"headline": "arena di pola (croazia)", "text": "<span>La costruzione dell'arena di Pola inizi\u00f2 nel 27 a.C. e termin\u00f2 nel 68 d.C. L'opera, costruita in pietra calcarea bianca, \u00e8 costituita da tre ordini, di cui due sono serie di archi sovrapposte, mentre il terzo \u00e8 costituito da una parete alleggerita da aperture quadrangolari. L'altezza massima che l'arena raggiunge \u00e8 di circa 32,5 m ma, essendo situata su un pendio, il lato orientale (opposto al mare) \u00e8 costituito solo dal&nbsp; secondo e terzo ordine. Sempre a causa della pendenza, gli ordini sul lato ovest poggiano su un massiccio basamento. Dopo un ampliamento della struttura iniziale, voluto dall'imperatore Vespasiano, le dimensioni dell'arena raggiunsero all'incirca i 132 m x 105. L'arena veniva utilizzata prevalentemente per combattimenti tra gladiatori e naumachie e in origine poteva ospitare fino a circa 23000 spettatori. Si presume che l'opera rimase pressoch\u00e9 intatta fino al XV secolo. Infatti in seguito inizi\u00f2 ad essere saltuariamente usata come cava di pietra per alcune costruzioni della Repubblica di Venezia, oltrech\u00e9 dagli abitanti locali. Nonostante ci\u00f2, oggi l'arena di Pola \u00e8 in ottimo stato di conservazione ed \u00e8 usata molto spesso, come l'arena di Verona, per ospitare eventi teatrali e musicali.</span>"}}, {"date": "", "location": {"icon": "//uploads.knightlab.com/storymapjs/f8259ab92c5f80b45c5fe59aff5b9243/i-siti-romani-nel-mondo/_images/timgad algeria.jpg", "iconSize": [48, 31.98], "lat": 35.493499, "line": true, "lon": 6.468986, "use_custom_marker": true, "zoom": 10}, "media": {"caption": "", "credit": "", "url": "https://encrypted-tbn0.gstatic.com/images?q=tbn:ANd9GcRs1ESYM5Bw8Bx0yBx6mg2XalwBi7aXSg3KNw&s"}, "text": {"headline": "timgad (algeria)", "text": "<span>Timgad, il cui nome latino era Thamugadis, venne fondata dall'imperatore Traiano nel 100 d.C. come colonia militare, poich\u00e8 inizialmente doveva ospitare alcuni veterani dell'esercito che avevano ricevuto terre in cambio degli anni di servizio prestati. Col tempo, per\u00f2, la citt\u00e0 ebbe un notevolissimo sviluppo urbanistico e demografico. Oggi nel sito archeologico di Timgad sono perfettamente visibili il cardo e il decumano, affiancati da un colonnato corinzio, e anche una basilica, una biblioteca, delle terme e un teatro con circa 3500 posti a sedere, ancora oggi usato per alcune rappresentazioni teatrali. Molto importante \u00e8 anche l'arco romano presente nella citt\u00e0, chiamato impropriamente \"arco di Traiano\", anche se la sua struttura decorativa lascia presupporre una datazione pi\u00f9 tarda, tra la seconda met\u00e0 del II secolo d.C. e gli inizi del III secolo. Esso \u00e8 alto 12 m e presenta 3 fornici, ovvero le strutture ad arco vere e proprie. Nel fornice centrale, alto 6 m, vi passavano i veicoli (che hanno lasciato vistose tracce sulla strada). Nei due laterali, alti 3,75 m, vi passavano i pedoni. Per la sua bellezza e per la sua urbanistica caratteristica dell'Impero Romano, Timgad, quando venne scoperta nell'Ottocento poich\u00e8 dissepolta dalla sabbia del deserto venne soprannominata \"la Pompei africana\".</span>"}}, {"date": "", "location": {"icon": "//uploads.knightlab.com/storymapjs/f8259ab92c5f80b45c5fe59aff5b9243/i-siti-romani-nel-mondo/_images/terme di bath.jpg", "iconSize": [48, 27.79310344827586], "lat": 51.380749, "line": true, "lon": -2.360781, "use_custom_marker": true, "zoom": 10}, "media": {"caption": "", "credit": "", "url": "https://img1.advisor.travel/1314x680px-Roman_BathsBath1.jpg"}, "text": {"headline": "terme di bath (inghilterra)", "text": "<span><p>Le Terme di Bath sono un complesso termale e sono situate a Bath, nel sud-ovest dell'Inghilterra.&nbsp;</p><p>Con l'arrivo dei Romani si costruirono queste meraviglie che oggi fanno parte del Patrimonio dell'UNESCO. Furono infatti costruite nel 75 a.C circa ai tempi di Vespasiano.&nbsp;</p><p>Prima di queste c'erano delle sorgenti termali naturali che erano gi\u00e0 conosciute dai Celti, fu allora che i Romani, molto abili nel costruire terme, iniziarono con i lavori.</p><p>I Celti prima dei Romani avevano reso queste sorgenti un luogo sacro in cui veneravano la divinit\u00e0 Sulis. L'arrivo dei Romani comport\u00f2 una specie di mescolamento delle culture, poich\u00e8 la dea Sulis venne associata a quella romana Minerva, dea della Medicina e della Saggezza. Successivamente il luogo divenne un posto in cui i pellegrini venivano per farsi curare da malattie e per farsi benedire, inoltre si svilupparono spazi anche per la socializzazione della gente.&nbsp;</p><p>Come se il tempio dedicato a Sulis Minerva non bastasse, si costru\u00ec anche una piscina centrale, denominata \"La Grande Vasca\", che aveva i bordi fatti in piastrelle di piombo e marmo. Era lunga 12m e larga 5,5 m circa e per quanto riguarda la profondit\u00e0, l'altezza dell'acqua poteva variare dai 0,9 m agli 1,8 m. Dopo la caduta dell'Impero Romano d'Occidente, le Terme furono abbandonate e inutilizzate, nel corso degli anni furono ristrutturate, a partire dal 1806.</p><div><span><br></span></div></span>"}}, {"date": "", "location": {"icon": "//uploads.knightlab.com/storymapjs/f8259ab92c5f80b45c5fe59aff5b9243/i-siti-romani-nel-mondo/_images/vallo di adriano.webp", "iconSize": [48, 27.372226787181596], "lat": 54.94370991299161, "line": true, "lon": -2.533721923828125, "use_custom_marker": true, "zoom": 11}, "media": {"caption": "", "credit": "", "url": "https://www.cattolicanews.it/vallocattnews-min.jpg"}, "text": {"headline": "vallo di adriano (inghilterra)", "text": "<span><p>Il Vallo di Adriano \u00e8 una delle strutture pi\u00f9 emblematiche dell'Impero Romano e un importante sito archeologico, situato nel nord dell'Inghilterra, che segna il confine settentrionale dell'Impero Romano in Gran Bretagna. Fu costruito sotto l'imperatore Adriano, che regn\u00f2 dal 117 al 138 d.C., con l'obiettivo di proteggere la provincia romana di Britannia dalle incursioni dei popoli delle terre settentrionali, come i Pitti e altre trib\u00f9 celtiche.</p><h3>Storia e costruzione</h3><p>Il Vallo di Adriano fu ordinato dall'imperatore Adriano durante il suo viaggio in Britannia nel 122 d.C. come parte della sua strategia di difesa per stabilire un confine permanente e difendibile. La sua costruzione inizi\u00f2 poco dopo la visita dell'imperatore e venne completata nel giro di circa 6 anni, nel 128 d.C.</p><p>Il Vallo era una delle strutture pi\u00f9 imponenti dell'epoca romana e si estendeva per circa 117 km. Il Vallo segnava inoltre il confine tra la Britannia romana a sud e le terre barbariche a nord, fungendo da barriera fisica e simbolica.</p><h3>Caratteristiche</h3><p>Il Vallo di Adriano non era una semplice muraglia continua, ma un sistema difensivo complesso che includeva vari elementi:</p><ul><li><p>Mura principali: La struttura principale era una muraglia lunga circa 5 metri alta fino a 4 metri in alcuni punti. Le mura erano realizzate con pietra locale o mattoni, a seconda della disponibilit\u00e0 dei materiali.</p></li><li><p>Fossi e fortificazioni: Lungo il vallo, venivano scavati ampi fossati (spesso profondi fino a 3 metri e larghi fino a 6 metri), che rendevano ancora pi\u00f9 difficile l'accesso ai nemici. La muraglia era intervallata da torri di guardia ogni 500 metri circa, che consentivano ai soldati romani di monitorare e difendere il confine.</p></li></ul><h3>Funzione</h3><p>Il Vallo di Adriano aveva principalmente una funzione difensiva. Tuttavia, oltre a proteggere la provincia romana di Britannia, serviva anche per controllare i movimenti tra i due lati del confine, fungendo da barriera per le incursioni delle trib\u00f9 barbariche del nord. La sua funzione di \u201cdemarcazione\u201d tra l\u2019Impero Romano e le terre selvagge di quelle che oggi sono la Scozia e le terre circostanti rifletteva anche la politica dell'imperatore Adriano, che preferiva consolidare i confini invece di espandere ulteriormente l'Impero.</p><p>Il Vallo fungeva anche da simbolo della potenza romana, mostrando la determinazione dell'Impero a proteggere e mantenere i suoi territori.</p><p><span>Infine, nel 1987 fu dichiarato Patrimonio dell'UNESCO.</span><br></p><div><br></div></span>"}}, {"date": "", "location": {"icon": "//uploads.knightlab.com/storymapjs/f8259ab92c5f80b45c5fe59aff5b9243/i-siti-romani-nel-mondo/_images/arena di nimes.jpg", "iconSize": [48, 36], "lat": 43.834949, "line": true, "lon": 4.359794, "use_custom_marker": true, "zoom": 10}, "media": {"caption": "", "credit": "", "url": "https://upload.wikimedia.org/wikipedia/commons/thumb/5/55/Arenes_de_Nimes_%2818%29.jpg/1200px-Arenes_de_Nimes_%2818%29.jpg"}, "text": {"headline": "arena di nimes (francia)", "text": "<span><p>L'Arena di N\u00eemes \u00e8 un antico anfiteatro romano situato a N\u00eemes, una citt\u00e0 nel sud della Francia. \u00c8 uno degli anfiteatri romani meglio conservati al mondo ed \u00e8 ancora oggi utilizzata per eventi culturali e sportivi.</p><p>L'arena fu costruita all'inizio del I secolo d.C., durante il regno dell'imperatore Augusto, e si stima che la sua costruzione sia stata completata intorno al 70 d.C. Il suo scopo originale era quello di ospitare combattimenti tra gladiatori, battaglie navali simulate (naumachie), e altri spettacoli pubblici tipici dell'antica Roma. L'anfiteatro fu costruito in pietra calcarea locale ed era in grado di ospitare fino a 24.000 spettatori, rendendolo uno dei pi\u00f9 grandi e importanti della sua epoca.</p><p>L'Arena di N\u00eemes ha una forma ellittica con una lunghezza di circa 133 metri e una larghezza di circa 101 metri. Le dimensioni sono notevoli, e la struttura \u00e8 stata progettata per resistere all'usura del tempo. L'edificio \u00e8 composto da due ordini di arcate sovrapposte, con una facciata esterna che si erge su tre livelli, caratterizzata da una serie di colonne e arcate che conferiscono un aspetto imponente e maestoso.</p><p>Un aspetto interessante dell'arena di N\u00eemes \u00e8 che, a differenza di molti altri anfiteatri romani, l'Arena di N\u00eemes \u00e8 rimasta in uso continuo, anche durante il periodo medievale. Durante il Medioevo, la struttura fu trasformata in una cittadella fortificata e, successivamente, nel XIX secolo, venne restaurata e riutilizzata per spettacoli pubblici, come concerti, corse di tori e altre manifestazioni.</p><div><span><br></span></div></span>"}}, {"date": "", "location": {"icon": "//uploads.knightlab.com/storymapjs/f8259ab92c5f80b45c5fe59aff5b9243/i-siti-romani-nel-mondo/_images/teatro di palmira.jpg", "iconSize": [48, 31.93469387755102], "lat": 33.51307, "line": true, "lon": 36.309581, "use_custom_marker": true, "zoom": 10}, "media": {"caption": "", "credit": "", "url": "https://www.eventiculturalimagazine.com/wp-content/uploads/2019/09/thumbnail_foto-Palmira-sito-archeologico.jpg"}, "text": {"headline": "il teatro di palmira (siria)", "text": "<span><p>Il Teatro Romano di Palmira \u00e8 una delle strutture pi\u00f9 iconiche e ben conservate del sito archeologico di Palmira, un'antica citt\u00e0 situata nel deserto siriano. Questo teatro, che risale al periodo romano, rappresenta un eccellente esempio di architettura e ingegneria romana e continua ad essere uno dei punti salienti dell'antica Palmira.</p><p>Il Teatro Romano di Palmira fu costruito durante il regno dell'imperatore Settimio Severo (193\u2013211 d.C.), anche se il sito aveva gi\u00e0 una tradizione teatrale che risaliva al periodo greco. Il teatro venne progettato per ospitare spettacoli pubblici, tra cui rappresentazioni teatrali, giochi, concerti e altri eventi di intrattenimento.</p><p>La costruzione del teatro si inserisce in un periodo di grande prosperit\u00e0 per Palmira, che era una citt\u00e0 strategica per il commercio tra l'Occidente e l'Oriente. Durante questo periodo, Palmira divenne una citt\u00e0 con influenze culturali e artistiche che combinavano elementi romani, greci e orientali.</p><p>Il Teatro Romano di Palmira \u00e8 uno degli esempi meglio conservati di teatro romano nel mondo. La sua struttura segue il modello classico dei teatri romani, ma presenta alcune caratteristiche uniche che riflettono l'influenza delle tradizioni architettoniche locali.</p><p>Il teatro poteva ospitare circa 3.500 spettatori, una grande capacit\u00e0 per l'epoca. La sua pianta \u00e8 semi-circolare, tipica dei teatri romani, con una orchestra (la parte circolare dove si esibivano gli attori) che misura circa 50 metri di diametro.</p><p>L'area dei posti a sedere, o cavea, era divisa in settori in base al ceto sociale degli spettatori, con le sezioni pi\u00f9 privilegiate in basso e quelle per il pubblico comune pi\u00f9 in alto. Le sedute erano in pietra, con numerosi gradini per facilitare l'accesso.</p><p>Come altri teatri romani, anche il teatro di Palmira \u00e8 stato progettato con un'attenzione particolare all'acustica, che permette di sentire chiaramente i suoni da ogni punto della cavea.</p><h3>Funzione e uso</h3><p>Il teatro era il centro dell'intrattenimento pubblico a Palmira. Oltre a rappresentazioni teatrali, venivano organizzati eventi musicali, giochi e spettacoli, che erano parte della vita sociale della citt\u00e0. Essendo situato vicino ad altre strutture monumentali, come il Tempio di Bel e il Colonnato, il teatro faceva parte di un ampio complesso urbano che rifletteva la grandezza e la prosperit\u00e0 della citt\u00e0.</p><p>Anni fa quando l'ISIS dominava il luogo il sito sub\u00ec un paio di danni, soprattutto al Tempio di Bel, ma successivamente fu tutto restaurato.</p><div><span><br></span></div></span>"}}]}}